﻿<?xml version="1.0" encoding="utf-8" ?>
<Defs>


  <ThingDef ParentName="I_PGTool_Base">
    <defName>I_EMTool_Ladle</defName>
    <label>Holo-Ladle</label>
    <description>A simple holographic ladle, great for cooking with! Equipped in the belt slot.</description>
    <techLevel>Spacer</techLevel>
    <graphicData>
    		<texPath>Things/Item/Ladle</texPath>
	
		<graphicClass>Graphic_Single</graphicClass>

    </graphicData>

    <statBases>
      <WorkToMake>1200</WorkToMake>
      <MaxHitPoints>120</MaxHitPoints>

    </statBases>
    <equippedStatOffsets>
	    <CookSpeed>0.12</CookSpeed>
    </equippedStatOffsets>
  <thingCategories>
      <li>Apparel</li>
    </thingCategories>
    <apparel>
	 <careIfWornByCorpse>false</careIfWornByCorpse>
      <bodyPartGroups>
        <li>Waist</li>
      </bodyPartGroups>
      
      <layers>
        <li>Belt</li>
      </layers>
      <tags>
        <li>Spacer</li>
      </tags>
  </apparel>
  </ThingDef>

</Defs>
