﻿<?xml version="1.0" encoding="utf-8" ?>
<Defs>


  <ThingDef ParentName="I_PGTool_Base">
    <defName>I_PGTool_Chisel</defName>
    <label>Holo-Chisel</label>
    <description>Small holographic chisel, useful when sculpting stone and other materials. Equipped in the belt slot.</description>
    <techLevel>Spacer</techLevel>
    <graphicData>
    		<texPath>Things/Item/Chisel</texPath>
	
		<graphicClass>Graphic_Single</graphicClass>

    </graphicData>




    <statBases>
      <WorkToMake>1200</WorkToMake>
      <MaxHitPoints>120</MaxHitPoints>
      
    </statBases>

    <equippedStatOffsets>
	    <SculptingSpeed>0.09</SculptingSpeed>
    </equippedStatOffsets>

  <thingCategories>
      <li>Apparel</li>
    </thingCategories>

    <apparel>
	 <careIfWornByCorpse>false</careIfWornByCorpse>
      <bodyPartGroups>
        <li>Waist</li>
      </bodyPartGroups>
      
      <layers>
        <li>Belt</li>
      </layers>
     <tags>
        <li>Spacer</li>
      </tags>

    </apparel>
  </ThingDef>

</Defs>
