﻿<?xml version="1.0" encoding="utf-8" ?>
<Defs>


  <ThingDef ParentName="I_PGTool_Base">
    <defName>I_PGTool_Needle</defName>
    <label>Holo-Needle</label>
    <description>Simple holographic needle useful for sowing a variety of things - from cloth to flesh. Equipped in the belt slot.</description>
    <techLevel>Spacer</techLevel>
    <graphicData>
    		<texPath>Things/Item/Needle</texPath>
	
		<graphicClass>Graphic_Single</graphicClass>

    </graphicData>

    <statBases>
      <WorkToMake>1200</WorkToMake>
      <MaxHitPoints>120</MaxHitPoints>

    </statBases>
    <equippedStatOffsets>
	    <TailoringSpeed>0.09</TailoringSpeed>
	    <MedicalOperationSpeed>0.09</MedicalOperationSpeed>
	<MedicalSurgerySuccessChance>0.05</MedicalSurgerySuccessChance>
    </equippedStatOffsets>
  <thingCategories>
      <li>Apparel</li>
    </thingCategories>
    <apparel>
	 <careIfWornByCorpse>false</careIfWornByCorpse>
      <bodyPartGroups>
        <li>Waist</li>
      </bodyPartGroups>
      
      <layers>
        <li>Belt</li>
      </layers>
      <tags>
        <li>Spacer</li>
      </tags>
  </apparel>
  </ThingDef>

</Defs>
