﻿<?xml version="1.0" encoding="utf-8" ?>
<Defs>


  <ThingDef ParentName="I_PGTool_Base">
    <defName>I_EMTool_Seal</defName>
    <label>Holographic Colony Seal</label>
    <description>A small holographic emblem representing the colony, shows others you have a role as ambassador. Equipped in the belt slot.</description>
    <techLevel>Spacer</techLevel>
    <graphicData>
    		<texPath>Things/Item/Seal</texPath>
	
		<graphicClass>Graphic_Single</graphicClass>

    </graphicData>


    <statBases>
      <WorkToMake>1200</WorkToMake>
      <MaxHitPoints>120</MaxHitPoints>

    </statBases>
    <equippedStatOffsets>
	    <DiplomacyPower>0.07</DiplomacyPower>
	<SocialImpact>0.07</SocialImpact>
    </equippedStatOffsets>
  <thingCategories>
      <li>Apparel</li>
    </thingCategories>
    <apparel>
	 <careIfWornByCorpse>false</careIfWornByCorpse>
      <bodyPartGroups>
        <li>Waist</li>
      </bodyPartGroups>
      
      <layers>
        <li>Belt</li>
      </layers>
      <tags>
        <li>Neolithic</li>
      </tags>
</apparel>
  </ThingDef>

</Defs>
