﻿<?xml version="1.0" encoding="utf-8" ?>
<Defs>


	<ResearchProjectDef>
		<defName>PG_Holotools</defName>
		<label>holographic tools</label>
		<description>Allows the creation of holographic tools. These are cleaner, better looking, and lighter versions of their tribal kin.</description>
		<baseCost>1000</baseCost>
		<techLevel>Spacer</techLevel>
		<prerequisites>
			<li>MultiAnalyzer</li>
		</prerequisites>
		<requiredResearchBuilding>HiTechResearchBench</requiredResearchBuilding>
		<requiredResearchFacilities>
			<li>MultiAnalyzer</li>
		</requiredResearchFacilities>
		<researchViewX>9</researchViewX>
		<researchViewY>3.9</researchViewY>
	</ResearchProjectDef>



</Defs>
